PRODUCT,DATE,SUMMARY,SENTIMENT_SCORE
Alpine Skis,2023-10-20,"The skis have exceeded expectations with exceptional edge control, impressive float in powder, and quick adaptability to various snow conditions. Their versatility and high-quality construction make them a valuable investment for serious skiers.",0.8936637
Thermal Gloves,2023-10-21,"The gloves have disappointing durability and functionality issues. The stitching around the thumb unraveled after two weeks of regular use, and the touchscreen functionality is inconsistent, requiring multiple taps to register inputs. These issues are unacceptable for gloves at this price range, and there are better options available.",-0.52385163
Carbon Fiber Poles,2023-10-22,"The trekking poles have lightweight aluminum construction, making them ideal for long hikes, but their powder baskets are too small for deep snow conditions. The locking mechanism for adjusting pole length is inconvenient in cold weather. Overall, they're decent for three-season hiking but need improvement for winter use and cold weather performance.",0.26486668
Ski Goggles,2023-10-23,"The goggles have been a great investment for winter sports, providing comfortable fit over prescription glasses, anti-fog technology, clear vision, excellent peripheral view, and color contrast. The spherical lens design eliminates distortion and the quick-change lens system is a bonus. The goggles are highly recommended for those who wear glasses while skiing or snowboarding.",0.8862732
Insulated Jacket,2023-10-24,"The jacket has impressive insulation and design, but its zipper frequently gets stuck and customer service was unhelpful about the issue. Additionally, pocket placement makes it difficult to access essential items while wearing a backpack. Despite good insulation, these functional issues make it hard to recommend for serious outdoor use.",-0.34025803
Performance Racing Skis,2023-10-25,"The expensive skis, priced over $800, have underperformed, with significant chatter and vibration at high speeds on hard-packed snow. Durability issues include edge wear and a soft base material. The factory tune required professional tuning and had inconsistent edge angles. The skis lack the responsiveness and precision expected from high-end racing equipment. While suitable for casual resort skiing, they fail to meet expectations as racing skis. The brand's reputation in racing circles is disappointingly not reflected in the product's quality.",-0.60551554
Pro Ski Boots,2023-10-26,"The custom molding process was time-consuming and resulted in a precise, responsive fit after a challenging break-in period. The initial discomfort was more intense than anticipated, and the shop could have provided more information about the lengthy adjustment process.",0.09164161
Mountain Series Helmet,2023-10-27,"The helmet offers reliable protection and all-day comfort with effective padding and ergonomic shape. However, its integrated audio system disappoints due to short battery life in cold conditions and frequent Bluetooth dropouts. The ventilation system and micro-adjustable fit system are notable features. Overall, the helmet is a good choice for protection and comfort, but its audio features need improvement for the premium price.",-0.067325585
Alpine Base Layer,2023-10-28,"The base layer has impressive temperature regulation and moisture-wicking capabilities, keeping the user warm and dry during various mountain conditions without overheating or developing odor. Its durability and consistent fit have exceeded expectations after 50+ days of use and regular washing. The user highly recommends it for those spending significant time in the mountains.",0.89665586
Avalanche Safety Pack,2023-10-29,"The backcountry pack performed exceptionally well during a Level 1 avalanche course, with intuitive organization, smooth deployment system, and comfortable design. It features a dedicated avalanche tool pocket, efficient main compartment, secure helmet carry system, and comfortable straps. The pack is worth the investment for its safety and functional design details, and is a favorite among mountain professionals.",0.89751583
Alpine Skis,2023-10-30,"The skis have durability issues, with edges delaminating after ten days and excessive topsheet wear, compromising performance and structural integrity. The manufacturer's response to warranty claims has been unsatisfactory.",-0.86282724
Thermal Gloves,2023-10-31,"The gloves are smaller than expected, requiring a larger size for a proper fit, causing shipping and return issues. Sizing inconsistency is also an issue compared to other gloves from the same brand. Once the correct size is obtained, the gloves are decent, with durable leather palms, adequate warmth, and good breathability. However, the inconsistent sizing creates a significant barrier to purchase.",-0.009892954
Performance Racing Skis,2023-11-01,"These skis are best suited for strong advanced to expert skiers due to their demanding nature and requirement for perfect technique. They offer remarkable responsiveness, stability, and edge hold for precise skiing on groomers, but are unforgiving for those who lack the necessary skills. Newer skiers are advised to master less challenging equipment first.",0.6390086
Mountain Series Helmet,2023-11-02,"The received garment was significantly smaller than expected, causing frustration due to size discrepancies between the published size chart and the actual product. The return process was complicated by glitches in the online portal and unresponsive customer service, who initially required the customer to pay for return shipping despite the sizing error being the company's fault. Despite promising features and high-quality materials, the garment's performance and durability couldn't be evaluated due to the sizing issues. The overall experience was disappointing for a premium brand.",-0.6949295
Avalanche Safety Pack,2023-11-03,"The pack has robust construction and reliable safety features, including an avalanche airbag and back protection system. However, it is significantly overpriced compared to similar packs from other manufacturers. Despite its high-quality build and essential features, value-conscious shoppers can find equally capable options at lower prices.",0.07571349
Carbon Fiber Poles,2023-11-04,"The carbon fiber poles are lightweight but lack durability and come without spare baskets or replacement tips, making the high price tag questionable. Traditional aluminum poles are a more cost-effective option with longer lifespan and readily available replacement parts.",-0.4115178
Ski Goggles,2023-11-05,"The goggles developed multiple scratches on the lenses despite careful use and proper storage within six days of skiing. The anti-fog coating was effective, but the durability was disappointing, as the scratches affected the field of vision. Expected better durability given the premium price point and advertised scratch-resistant coating. Previous goggles from a competitor brand lasted longer.",-0.4067795
Pro Ski Boots,2023-11-06,"The author describes how properly fitted ski boots, with extensive shell modification options and a heat-moldable liner, have significantly improved their skiing experience by providing superior comfort and eliminating pressure points. The boots' design and customization options highlight the importance of a qualified boot fitter.",0.88525593
Insulated Jacket,2023-11-07,"The jacket has good but not exceptional water resistance and inconsistent insulation with cold spots near seams and zipper areas. The hood and powder skirt perform well, but the high price doesn't justify the performance compared to competitors.",0.0019939041
Alpine Base Layer,2023-11-08,"The received base layer has inconsistent sizing, with a tighter fit in the shoulders and longer torso compared to other products from the same brand. The seams are itchy against bare skin, particularly during high-output activities. The fabric pills easily and deteriorates quickly after washing, giving it a worn appearance. Despite effective moisture-wicking performance, there are better and more affordable alternatives with better durability and more comfortable seam construction.",-0.4944394
Performance Racing Skis,2023-11-09,"These skis significantly improved racing performance with exceptional edge grip, stability at high speeds, and immediate response for serious racers seeking to enhance their skills and shave seconds off their times.",0.86999166
Thermal Gloves,2023-11-10,"The waterproof gloves suffered from major failures after three days of use, with water penetrating through the shell and causing hands to get soaked during a snowfall. The leather treatment and dye quality were inconsistent, leading to color transfer onto other equipment and potential staining. Additionally, there were issues with inconsistent stitching and sizing between the left and right gloves. The premium price point of $150 was not justified due to these significant quality control issues.",-0.8222415
Mountain Series Helmet,2023-11-11,"The helmet has adequate ventilation and comfort, but its audio quality and battery life are mediocre. It offers solid protection but lacks advanced features compared to other options in its price range.",-0.006680635
Avalanche Safety Pack,2023-11-12,"The reviewer identified several issues with the backpack's quality, including loose stitching, poorly secured airbag handle, misalignment on zippers, and irregular stitching on reinforcement areas. The backpack's reliability is a concern for mountain safety, and the return process was complicated.",-0.53158575
Carbon Fiber Poles,2023-11-13,"These poles are a mid-range option for recreational skiers and hikers, offering reliable performance for everyday use and moderate backcountry tours. They have comfortable grips with easy-to-adjust straps, but are heavier and less strong than premium options. The locking mechanism works well, but may require occasional retightening. They offer a good balance of functionality and value for casual users, but serious athletes or frequent backcountry users may prefer more robust options.",0.36334378
